transaction_id,user_id,amount,location,timestamp,transaction_hour,high_value
1,107,17497,delhi,2024-04-01 10:32:03,10,0
2,103,32650,mumbai,2024-04-01 12:30:41,12,0
3,116,70643,chennai,2024-04-01 11:40:02,11,1
4,115,55628,hyderabad,2024-04-01 10:31:44,10,1
5,120,97891,hyderabad,2024-04-01 11:17:32,11,1
6,112,46272,hyderabad,2024-04-01 11:27:55,11,0
7,109,59745,chennai,2024-04-01 11:18:54,11,1
8,116,56966,chennai,2024-04-01 11:46:00,11,1
9,119,60210,delhi,2024-04-01 12:02:07,12,1
10,115,47610,delhi,2024-04-01 10:29:56,10,0
11,109,91736,mumbai,2024-04-01 12:40:23,12,1
12,106,38436,mumbai,2024-04-01 10:31:30,10,0
13,108,92261,mumbai,2024-04-01 12:20:51,12,1
14,101,43428,bangalore,2024-04-01 11:10:28,11,0
15,118,12812,chennai,2024-04-01 11:19:30,11,0
16,118,93918,delhi,2024-04-01 10:15:35,10,1
17,102,31009,delhi,2024-04-01 10:59:38,10,0
18,100,13907,delhi,2024-04-01 12:31:05,12,0
19,110,63096,bangalore,2024-04-01 12:06:00,12,1
20,109,57215,chennai,2024-04-01 12:11:07,12,1
21,115,77302,chennai,2024-04-01 11:34:49,11,1
22,113,65072,chennai,2024-04-01 12:04:47,12,1
23,104,83401,chennai,2024-04-01 12:05:29,12,1
24,103,36351,hyderabad,2024-04-01 11:12:10,11,0
25,115,40829,bangalore,2024-04-01 11:50:32,11,0
26,103,46938,chennai,2024-04-01 11:07:03,11,0
27,112,99216,delhi,2024-04-01 12:30:39,12,1
28,101,22782,bangalore,2024-04-01 12:02:28,12,0
29,108,74062,bangalore,2024-04-01 10:53:02,10,1
30,116,85589,hyderabad,2024-04-01 12:20:34,12,1
31,120,63556,delhi,2024-04-01 10:12:48,10,1
32,117,40315,mumbai,2024-04-01 10:26:58,10,0
33,112,72571,hyderabad,2024-04-01 10:48:26,10,1
34,103,18436,hyderabad,2024-04-01 11:01:40,11,0
35,103,28410,hyderabad,2024-04-01 11:40:00,11,0
36,120,33499,delhi,2024-04-01 11:58:45,11,0
37,112,92390,mumbai,2024-04-01 11:56:48,11,1
38,111,72067,chennai,2024-04-01 10:28:43,10,1
39,120,19445,hyderabad,2024-04-01 11:40:47,11,0
40,118,4031,hyderabad,2024-04-01 11:30:43,11,0
41,115,31502,bangalore,2024-04-01 11:49:52,11,0
42,120,29104,bangalore,2024-04-01 11:39:34,11,0
43,105,71634,mumbai,2024-04-01 12:20:04,12,1
44,104,46702,bangalore,2024-04-01 12:12:08,12,0
45,106,68128,chennai,2024-04-01 11:13:29,11,1
46,108,24671,bangalore,2024-04-01 11:02:41,11,0
47,115,42886,delhi,2024-04-01 11:15:29,11,0
48,108,92256,chennai,2024-04-01 12:36:19,12,1
49,103,59932,bangalore,2024-04-01 12:45:35,12,1
50,115,8726,hyderabad,2024-04-01 10:19:57,10,0
51,100,2628,chennai,2024-04-01 11:20:29,11,0
52,103,14945,bangalore,2024-04-01 12:14:43,12,0
53,117,81676,mumbai,2024-04-01 11:47:02,11,1
54,112,79436,delhi,2024-04-01 12:46:11,12,1
55,114,94638,chennai,2024-04-01 10:50:16,10,1
56,120,89814,mumbai,2024-04-01 10:07:44,10,1
57,104,15429,hyderabad,2024-04-01 12:30:31,12,0
58,100,7167,hyderabad,2024-04-01 12:33:22,12,0
59,119,71538,chennai,2024-04-01 12:32:54,12,1
60,109,14413,mumbai,2024-04-01 11:36:45,11,0
61,112,40883,bangalore,2024-04-01 11:19:01,11,0
62,118,75887,chennai,2024-04-01 11:33:07,11,1
63,101,43998,mumbai,2024-04-01 10:45:10,10,0
64,108,71181,chennai,2024-04-01 11:52:01,11,1
65,103,42154,mumbai,2024-04-01 11:57:11,11,0
66,110,66745,chennai,2024-04-01 10:01:45,10,1
67,107,21796,mumbai,2024-04-01 12:29:50,12,0
68,102,79832,delhi,2024-04-01 12:04:19,12,1
69,109,65826,delhi,2024-04-01 10:57:58,10,1
70,116,18739,mumbai,2024-04-01 10:28:46,10,0
71,108,46804,mumbai,2024-04-01 12:43:06,12,0
72,110,50816,hyderabad,2024-04-01 10:26:22,10,1
73,106,47210,chennai,2024-04-01 10:31:25,10,0
74,113,77849,mumbai,2024-04-01 12:46:08,12,1
75,116,41129,delhi,2024-04-01 11:14:35,11,0
76,112,49858,bangalore,2024-04-01 10:56:30,10,0
77,102,45879,hyderabad,2024-04-01 11:12:03,11,0
78,113,7281,bangalore,2024-04-01 10:15:07,10,0
79,114,78484,bangalore,2024-04-01 11:17:35,11,1
80,102,81937,mumbai,2024-04-01 11:00:21,11,1
81,114,3049,hyderabad,2024-04-01 10:22:20,10,0
82,100,96798,delhi,2024-04-01 10:07:57,10,1
83,116,70675,delhi,2024-04-01 10:32:17,10,1
84,103,60482,delhi,2024-04-01 11:05:12,11,1
85,119,94944,chennai,2024-04-01 10:08:49,10,1
86,105,38890,hyderabad,2024-04-01 10:23:36,10,0
87,117,49709,hyderabad,2024-04-01 12:36:17,12,0
88,120,38640,mumbai,2024-04-01 10:32:10,10,0
89,119,85891,delhi,2024-04-01 11:03:54,11,1
90,105,1250,hyderabad,2024-04-01 10:33:00,10,0
91,116,36248,hyderabad,2024-04-01 10:15:01,10,0
92,109,23081,bangalore,2024-04-01 12:38:31,12,0
93,104,48595,chennai,2024-04-01 12:07:55,12,0
94,103,37155,chennai,2024-04-01 12:03:40,12,0
95,110,73809,chennai,2024-04-01 11:45:27,11,1
96,118,92528,delhi,2024-04-01 11:26:23,11,1
97,114,11659,chennai,2024-04-01 10:00:40,10,0
98,107,15952,bangalore,2024-04-01 11:30:17,11,0
99,117,53959,delhi,2024-04-01 11:02:56,11,1
100,113,46369,delhi,2024-04-01 10:50:18,10,0
101,115,2117,delhi,2024-04-01 11:07:07,11,0
102,100,93508,bangalore,2024-04-01 10:54:05,10,1
103,120,15843,delhi,2024-04-01 11:04:47,11,0
104,101,97162,hyderabad,2024-04-01 11:08:59,11,1
105,104,42726,mumbai,2024-04-01 10:56:25,10,0
106,109,95684,chennai,2024-04-01 10:38:47,10,1
107,110,9655,mumbai,2024-04-01 12:22:17,12,0
108,119,40525,delhi,2024-04-01 11:00:27,11,0
109,105,4012,hyderabad,2024-04-01 10:23:52,10,0
110,120,5312,delhi,2024-04-01 10:49:13,10,0
111,108,54917,chennai,2024-04-01 11:15:01,11,1
112,112,32492,mumbai,2024-04-01 10:02:13,10,0
113,104,11348,delhi,2024-04-01 11:25:01,11,0
114,101,98394,bangalore,2024-04-01 10:03:32,10,1
115,103,69287,chennai,2024-04-01 11:37:33,11,1
116,103,16919,bangalore,2024-04-01 11:13:46,11,0
117,111,56465,chennai,2024-04-01 12:07:00,12,1
118,118,31656,mumbai,2024-04-01 10:55:30,10,0
119,109,35331,chennai,2024-04-01 12:33:56,12,0
120,100,68117,bangalore,2024-04-01 10:07:08,10,1
121,112,11812,hyderabad,2024-04-01 10:28:43,10,0
122,118,12394,bangalore,2024-04-01 11:38:54,11,0
123,104,12677,delhi,2024-04-01 11:42:13,11,0
124,105,31045,hyderabad,2024-04-01 11:33:08,11,0
125,102,54030,delhi,2024-04-01 11:45:02,11,1
126,116,47327,chennai,2024-04-01 11:20:45,11,0
127,101,81505,mumbai,2024-04-01 11:59:50,11,1
128,119,12932,chennai,2024-04-01 10:30:59,10,0
129,117,67855,delhi,2024-04-01 10:40:50,10,1
130,103,1545,bangalore,2024-04-01 11:43:55,11,0
131,105,26369,mumbai,2024-04-01 12:24:58,12,0
132,120,49393,hyderabad,2024-04-01 10:06:04,10,0
133,118,85646,delhi,2024-04-01 10:35:17,10,1
134,119,59969,bangalore,2024-04-01 11:03:18,11,1
135,105,59177,chennai,2024-04-01 10:27:01,10,1
136,103,96249,delhi,2024-04-01 11:01:30,11,1
137,120,37787,bangalore,2024-04-01 12:44:09,12,0
138,108,47586,chennai,2024-04-01 11:23:43,11,0
139,114,99758,bangalore,2024-04-01 12:00:37,12,1
140,111,35620,chennai,2024-04-01 11:15:24,11,0
141,108,72927,chennai,2024-04-01 11:41:29,11,1
142,102,69082,delhi,2024-04-01 10:32:13,10,1
143,102,40971,delhi,2024-04-01 11:34:04,11,0
144,101,67793,mumbai,2024-04-01 11:43:29,11,1
145,103,70732,delhi,2024-04-01 10:31:14,10,1
146,120,36777,mumbai,2024-04-01 10:40:54,10,0
147,105,53029,chennai,2024-04-01 10:50:21,10,1
148,120,35184,mumbai,2024-04-01 10:47:28,10,0
149,101,43833,hyderabad,2024-04-01 11:36:29,11,0
150,112,87066,chennai,2024-04-01 11:11:35,11,1
151,112,47275,bangalore,2024-04-01 10:03:56,10,0
152,111,20107,delhi,2024-04-01 12:39:17,12,0
153,108,72039,hyderabad,2024-04-01 11:57:14,11,1
154,117,8034,hyderabad,2024-04-01 11:51:32,11,0
155,120,13785,chennai,2024-04-01 10:25:42,10,0
156,102,61336,mumbai,2024-04-01 10:47:09,10,1
157,105,7899,delhi,2024-04-01 10:30:52,10,0
158,104,69280,delhi,2024-04-01 12:02:37,12,1
159,114,18118,hyderabad,2024-04-01 10:23:24,10,0
160,108,34561,hyderabad,2024-04-01 12:06:47,12,0
161,115,40862,mumbai,2024-04-01 12:36:50,12,0
162,120,69352,mumbai,2024-04-01 10:44:24,10,1
163,112,84659,bangalore,2024-04-01 11:16:40,11,1
164,100,34107,delhi,2024-04-01 10:40:36,10,0
165,102,71293,chennai,2024-04-01 10:54:22,10,1
166,117,87086,bangalore,2024-04-01 11:25:04,11,1
167,105,30373,bangalore,2024-04-01 10:40:13,10,0
168,114,84808,delhi,2024-04-01 10:53:04,10,1
169,106,81084,chennai,2024-04-01 12:24:15,12,1
170,111,38226,mumbai,2024-04-01 11:57:28,11,0
171,118,35952,chennai,2024-04-01 10:17:38,10,0
172,115,66192,bangalore,2024-04-01 12:06:51,12,1
173,115,80241,bangalore,2024-04-01 11:41:42,11,1
174,106,26296,bangalore,2024-04-01 11:33:10,11,0
175,106,50798,bangalore,2024-04-01 11:10:52,11,1
176,108,20490,chennai,2024-04-01 12:23:08,12,0
177,102,58140,chennai,2024-04-01 12:16:03,12,1
178,101,86358,mumbai,2024-04-01 11:35:11,11,1
179,109,38366,delhi,2024-04-01 12:38:25,12,0
180,106,62185,delhi,2024-04-01 11:25:47,11,1
181,120,92950,delhi,2024-04-01 10:18:37,10,1
182,103,64385,mumbai,2024-04-01 11:30:22,11,1
183,120,12068,hyderabad,2024-04-01 12:06:19,12,0
184,105,86593,bangalore,2024-04-01 11:13:50,11,1
185,112,78342,delhi,2024-04-01 12:16:15,12,1
186,119,46632,mumbai,2024-04-01 10:18:42,10,0
187,110,32247,delhi,2024-04-01 11:18:11,11,0
188,113,46205,delhi,2024-04-01 12:45:57,12,0
189,111,18708,delhi,2024-04-01 10:17:24,10,0
190,107,21210,delhi,2024-04-01 11:05:54,11,0
191,100,81145,delhi,2024-04-01 12:29:28,12,1
192,119,94286,mumbai,2024-04-01 12:34:58,12,1
193,107,84041,bangalore,2024-04-01 11:33:58,11,1
194,104,44047,bangalore,2024-04-01 10:29:20,10,0
195,102,38635,hyderabad,2024-04-01 10:36:41,10,0
196,119,4280,delhi,2024-04-01 11:56:58,11,0
197,107,5415,chennai,2024-04-01 12:02:25,12,0
198,102,80054,chennai,2024-04-01 10:50:02,10,1
199,119,17117,delhi,2024-04-01 12:27:44,12,0
200,101,3261,hyderabad,2024-04-01 12:38:51,12,0
201,103,72982,delhi,2024-04-01 11:52:12,11,1
202,109,73942,mumbai,2024-04-01 10:09:59,10,1
203,102,28356,chennai,2024-04-01 12:15:14,12,0
204,113,81771,chennai,2024-04-01 11:48:18,11,1
205,107,64447,delhi,2024-04-01 11:55:51,11,1
206,108,71449,mumbai,2024-04-01 11:10:58,11,1
207,105,40600,delhi,2024-04-01 12:46:35,12,0
208,118,20335,delhi,2024-04-01 12:05:21,12,0
209,112,28473,chennai,2024-04-01 11:15:08,11,0
210,101,66850,hyderabad,2024-04-01 11:01:18,11,1
211,119,7359,delhi,2024-04-01 11:28:20,11,0
212,106,1003,bangalore,2024-04-01 11:07:05,11,0
213,109,42322,bangalore,2024-04-01 12:33:50,12,0
214,101,48756,delhi,2024-04-01 11:04:09,11,0
215,100,77442,delhi,2024-04-01 10:11:47,10,1
216,117,6455,hyderabad,2024-04-01 11:47:32,11,0
217,117,22101,chennai,2024-04-01 12:21:51,12,0
218,102,90347,delhi,2024-04-01 12:27:10,12,1
219,105,3562,mumbai,2024-04-01 11:03:55,11,0
220,112,96629,hyderabad,2024-04-01 11:40:54,11,1
221,108,58861,delhi,2024-04-01 11:00:58,11,1
222,100,19902,bangalore,2024-04-01 10:01:02,10,0
223,119,16698,chennai,2024-04-01 12:24:55,12,0
224,103,5556,delhi,2024-04-01 10:53:26,10,0
225,100,83332,delhi,2024-04-01 11:08:02,11,1
226,108,43077,bangalore,2024-04-01 10:02:23,10,0
227,119,51933,hyderabad,2024-04-01 11:00:58,11,1
228,118,36662,hyderabad,2024-04-01 12:05:28,12,0
229,101,22592,chennai,2024-04-01 10:54:00,10,0
230,111,88454,bangalore,2024-04-01 10:41:10,10,1
231,109,96171,chennai,2024-04-01 12:35:42,12,1
232,118,5082,bangalore,2024-04-01 10:47:50,10,0
233,101,43801,delhi,2024-04-01 12:07:49,12,0
234,104,50120,bangalore,2024-04-01 12:41:18,12,1
235,113,96171,chennai,2024-04-01 12:15:38,12,1
236,109,42015,bangalore,2024-04-01 12:21:25,12,0
237,116,15141,hyderabad,2024-04-01 10:23:32,10,0
238,119,39836,mumbai,2024-04-01 11:10:42,11,0
239,104,13304,chennai,2024-04-01 11:56:14,11,0
240,118,54235,chennai,2024-04-01 10:33:11,10,1
241,105,87687,mumbai,2024-04-01 10:48:11,10,1
242,100,76084,hyderabad,2024-04-01 11:47:50,11,1
243,117,82659,mumbai,2024-04-01 12:04:18,12,1
244,119,85402,hyderabad,2024-04-01 12:07:44,12,1
245,101,19285,bangalore,2024-04-01 10:00:27,10,0
246,119,27650,chennai,2024-04-01 12:28:50,12,0
247,112,55234,delhi,2024-04-01 10:08:25,10,1
248,110,95374,hyderabad,2024-04-01 10:52:22,10,1
249,110,77732,hyderabad,2024-04-01 11:42:19,11,1
250,113,91063,mumbai,2024-04-01 10:10:30,10,1
251,112,42187,bangalore,2024-04-01 10:00:04,10,0
252,114,49099,mumbai,2024-04-01 12:45:07,12,0
253,105,44228,hyderabad,2024-04-01 11:08:52,11,0
254,120,44898,delhi,2024-04-01 11:15:05,11,0
255,111,52642,bangalore,2024-04-01 12:31:32,12,1
256,115,38717,chennai,2024-04-01 11:25:43,11,0
257,102,95401,bangalore,2024-04-01 10:05:01,10,1
258,117,97565,chennai,2024-04-01 10:39:53,10,1
259,112,26176,chennai,2024-04-01 10:48:16,10,0
260,117,21546,delhi,2024-04-01 11:16:22,11,0
261,114,67074,hyderabad,2024-04-01 12:01:30,12,1
262,110,21478,mumbai,2024-04-01 11:51:57,11,0
263,103,44318,delhi,2024-04-01 11:40:09,11,0
264,119,85025,bangalore,2024-04-01 10:27:14,10,1
265,112,93820,mumbai,2024-04-01 11:49:53,11,1
266,104,2257,chennai,2024-04-01 12:20:30,12,0
267,110,61415,delhi,2024-04-01 10:23:26,10,1
268,105,54084,chennai,2024-04-01 11:15:08,11,1
269,112,80467,chennai,2024-04-01 11:56:31,11,1
270,117,61739,delhi,2024-04-01 11:19:49,11,1
271,108,26546,hyderabad,2024-04-01 12:33:42,12,0
272,105,73174,bangalore,2024-04-01 10:33:46,10,1
273,110,83940,chennai,2024-04-01 11:18:02,11,1
274,120,28017,bangalore,2024-04-01 12:12:55,12,0
275,111,90659,delhi,2024-04-01 11:59:31,11,1
276,115,49548,bangalore,2024-04-01 12:22:36,12,0
277,118,73517,hyderabad,2024-04-01 12:10:01,12,1
278,102,66010,hyderabad,2024-04-01 10:31:20,10,1
279,103,40486,chennai,2024-04-01 11:52:45,11,0
280,120,80026,bangalore,2024-04-01 11:28:50,11,1
281,117,62895,delhi,2024-04-01 10:36:58,10,1
282,108,71470,hyderabad,2024-04-01 10:50:58,10,1
283,118,58298,mumbai,2024-04-01 12:28:40,12,1
284,101,2603,delhi,2024-04-01 11:39:32,11,0
285,110,93657,chennai,2024-04-01 10:39:05,10,1
286,120,30922,bangalore,2024-04-01 12:08:01,12,0
287,108,89130,hyderabad,2024-04-01 12:24:05,12,1
288,119,24409,mumbai,2024-04-01 12:19:25,12,0
289,108,89612,mumbai,2024-04-01 11:44:31,11,1
290,108,32587,mumbai,2024-04-01 10:53:54,10,0
291,108,50555,delhi,2024-04-01 12:15:40,12,1
292,120,43726,mumbai,2024-04-01 11:01:14,11,0
293,114,72597,bangalore,2024-04-01 12:01:20,12,1
294,113,49234,bangalore,2024-04-01 11:51:17,11,0
295,106,9461,bangalore,2024-04-01 12:22:27,12,0
296,101,49279,chennai,2024-04-01 12:40:58,12,0
297,108,1582,delhi,2024-04-01 12:02:29,12,0
298,118,90754,chennai,2024-04-01 11:40:39,11,1
299,106,74536,mumbai,2024-04-01 11:54:55,11,1
300,108,4054,bangalore,2024-04-01 12:16:49,12,0
301,106,47753,bangalore,2024-04-01 11:38:45,11,0
302,102,46020,chennai,2024-04-01 11:32:44,11,0
303,119,36450,chennai,2024-04-01 12:20:52,12,0
304,100,32380,bangalore,2024-04-01 10:36:21,10,0
305,102,57710,mumbai,2024-04-01 11:24:36,11,1
306,119,3940,hyderabad,2024-04-01 11:08:47,11,0
307,103,57531,chennai,2024-04-01 12:40:37,12,1
308,114,70874,delhi,2024-04-01 10:15:12,10,1
309,108,57669,hyderabad,2024-04-01 11:28:13,11,1
310,103,21524,bangalore,2024-04-01 10:21:11,10,0
311,102,17817,hyderabad,2024-04-01 10:00:40,10,0
312,112,4527,mumbai,2024-04-01 11:03:48,11,0
313,112,71212,hyderabad,2024-04-01 12:04:44,12,1
314,116,48607,mumbai,2024-04-01 12:39:04,12,0
315,117,74588,hyderabad,2024-04-01 12:37:55,12,1
316,111,98467,chennai,2024-04-01 10:30:12,10,1
317,116,1724,mumbai,2024-04-01 10:50:04,10,0
318,104,98711,chennai,2024-04-01 10:59:42,10,1
319,102,40844,bangalore,2024-04-01 10:46:45,10,0
320,114,8681,hyderabad,2024-04-01 10:30:29,10,0
321,113,52326,delhi,2024-04-01 11:42:04,11,1
322,111,32728,bangalore,2024-04-01 11:22:38,11,0
323,102,46409,delhi,2024-04-01 10:30:05,10,0
324,100,78729,chennai,2024-04-01 12:44:25,12,1
325,106,29134,mumbai,2024-04-01 12:16:48,12,0
326,120,36768,delhi,2024-04-01 11:38:21,11,0
327,111,45274,bangalore,2024-04-01 10:36:19,10,0
328,114,68825,hyderabad,2024-04-01 12:27:02,12,1
329,112,16235,hyderabad,2024-04-01 10:52:10,10,0
330,105,36560,hyderabad,2024-04-01 12:25:36,12,0
331,112,10524,delhi,2024-04-01 10:52:06,10,0
332,110,34323,bangalore,2024-04-01 10:44:37,10,0
333,106,11948,delhi,2024-04-01 10:10:33,10,0
334,118,59705,delhi,2024-04-01 10:55:49,10,1
335,115,3951,delhi,2024-04-01 10:41:29,10,0
336,108,7784,mumbai,2024-04-01 10:12:45,10,0
337,108,36263,hyderabad,2024-04-01 10:04:22,10,0
338,107,68600,mumbai,2024-04-01 11:33:06,11,1
339,114,13303,chennai,2024-04-01 12:15:19,12,0
340,113,35833,mumbai,2024-04-01 11:28:33,11,0
341,108,80850,hyderabad,2024-04-01 11:22:48,11,1
342,117,96382,delhi,2024-04-01 11:09:08,11,1
343,112,67416,chennai,2024-04-01 11:15:15,11,1
344,116,14668,mumbai,2024-04-01 10:38:08,10,0
345,111,51393,bangalore,2024-04-01 11:11:08,11,1
346,118,10054,mumbai,2024-04-01 10:39:19,10,0
347,112,1088,delhi,2024-04-01 12:46:15,12,0
348,100,93916,bangalore,2024-04-01 12:31:44,12,1
349,107,59812,chennai,2024-04-01 10:19:56,10,1
350,113,52556,bangalore,2024-04-01 11:32:59,11,1
351,116,80053,delhi,2024-04-01 10:28:04,10,1
352,119,76683,bangalore,2024-04-01 10:39:46,10,1
353,101,2738,delhi,2024-04-01 11:28:25,11,0
354,101,18866,hyderabad,2024-04-01 10:53:50,10,0
355,112,40965,mumbai,2024-04-01 12:22:27,12,0
356,120,83012,bangalore,2024-04-01 10:19:01,10,1
357,102,95060,mumbai,2024-04-01 11:16:19,11,1
358,100,20535,mumbai,2024-04-01 12:45:03,12,0
359,104,51888,delhi,2024-04-01 11:23:03,11,1
360,104,69790,delhi,2024-04-01 11:38:42,11,1
361,100,96259,bangalore,2024-04-01 12:42:29,12,1
362,113,2886,bangalore,2024-04-01 12:40:24,12,0
363,100,4942,hyderabad,2024-04-01 11:54:24,11,0
364,102,3590,chennai,2024-04-01 12:22:01,12,0
365,103,28529,hyderabad,2024-04-01 11:49:58,11,0
366,112,22357,bangalore,2024-04-01 10:31:35,10,0
367,109,31805,bangalore,2024-04-01 12:08:56,12,0
368,118,86724,hyderabad,2024-04-01 12:10:01,12,1
369,117,97445,mumbai,2024-04-01 11:03:51,11,1
370,117,43794,hyderabad,2024-04-01 10:35:29,10,0
371,116,45761,bangalore,2024-04-01 10:57:47,10,0
372,103,52382,delhi,2024-04-01 12:29:20,12,1
373,113,72032,mumbai,2024-04-01 12:10:17,12,1
374,110,73176,hyderabad,2024-04-01 12:02:23,12,1
375,100,28494,bangalore,2024-04-01 10:57:57,10,0
376,108,48473,bangalore,2024-04-01 10:32:49,10,0
377,107,79395,mumbai,2024-04-01 10:27:39,10,1
378,108,70740,chennai,2024-04-01 12:31:01,12,1
379,117,66145,mumbai,2024-04-01 10:27:09,10,1
380,112,84132,bangalore,2024-04-01 12:15:05,12,1
381,102,48819,chennai,2024-04-01 11:06:17,11,0
382,113,33342,bangalore,2024-04-01 11:37:13,11,0
383,119,21426,hyderabad,2024-04-01 10:56:45,10,0
384,119,37485,chennai,2024-04-01 10:23:41,10,0
385,120,53947,chennai,2024-04-01 12:28:33,12,1
386,118,5178,mumbai,2024-04-01 11:18:22,11,0
387,102,53578,hyderabad,2024-04-01 12:00:38,12,1
388,118,84000,chennai,2024-04-01 11:05:28,11,1
389,108,33006,hyderabad,2024-04-01 11:37:25,11,0
390,104,89501,bangalore,2024-04-01 11:08:28,11,1
391,116,73534,hyderabad,2024-04-01 10:36:16,10,1
392,111,95030,delhi,2024-04-01 11:46:26,11,1
393,117,22426,delhi,2024-04-01 12:09:29,12,0
394,107,41758,chennai,2024-04-01 10:40:05,10,0
395,100,33375,mumbai,2024-04-01 10:57:39,10,0
396,104,81759,mumbai,2024-04-01 10:47:00,10,1
397,115,66651,bangalore,2024-04-01 12:38:50,12,1
398,100,64072,chennai,2024-04-01 11:09:36,11,1
399,111,21645,delhi,2024-04-01 12:29:01,12,0
400,105,30944,chennai,2024-04-01 12:22:29,12,0
401,119,99077,bangalore,2024-04-01 12:08:05,12,1
402,117,72737,bangalore,2024-04-01 12:06:38,12,1
403,114,95197,delhi,2024-04-01 11:29:16,11,1
404,119,68400,chennai,2024-04-01 10:33:39,10,1
405,114,8219,bangalore,2024-04-01 11:37:33,11,0
406,112,76852,bangalore,2024-04-01 10:43:33,10,1
407,102,29277,chennai,2024-04-01 11:36:12,11,0
408,112,10302,mumbai,2024-04-01 12:13:32,12,0
409,108,37999,delhi,2024-04-01 11:17:10,11,0
410,104,29923,mumbai,2024-04-01 10:53:14,10,0
411,118,63147,bangalore,2024-04-01 12:44:03,12,1
412,101,91722,hyderabad,2024-04-01 12:29:25,12,1
413,110,21877,mumbai,2024-04-01 10:39:25,10,0
414,109,36446,chennai,2024-04-01 11:15:18,11,0
415,103,5495,hyderabad,2024-04-01 10:17:21,10,0
416,120,20244,chennai,2024-04-01 11:02:52,11,0
417,117,42590,mumbai,2024-04-01 11:28:59,11,0
418,106,28921,mumbai,2024-04-01 11:19:44,11,0
419,106,89582,hyderabad,2024-04-01 12:38:55,12,1
420,118,79453,mumbai,2024-04-01 11:58:05,11,1
421,105,70266,hyderabad,2024-04-01 11:08:17,11,1
422,114,53360,bangalore,2024-04-01 11:34:00,11,1
423,100,46317,delhi,2024-04-01 12:14:57,12,0
424,104,24628,hyderabad,2024-04-01 12:07:08,12,0
425,119,32210,chennai,2024-04-01 12:16:47,12,0
426,109,54453,chennai,2024-04-01 10:50:39,10,1
427,107,59390,delhi,2024-04-01 12:08:48,12,1
428,105,45958,chennai,2024-04-01 12:40:52,12,0
429,114,53375,bangalore,2024-04-01 11:47:10,11,1
430,105,93933,chennai,2024-04-01 11:51:49,11,1
431,102,87049,mumbai,2024-04-01 12:10:11,12,1
432,107,8101,bangalore,2024-04-01 11:05:27,11,0
433,120,35843,bangalore,2024-04-01 10:24:36,10,0
434,116,96148,hyderabad,2024-04-01 10:31:14,10,1
435,119,97688,delhi,2024-04-01 11:11:17,11,1
436,118,66406,delhi,2024-04-01 10:26:53,10,1
437,115,52316,hyderabad,2024-04-01 11:23:40,11,1
438,109,71954,mumbai,2024-04-01 11:23:45,11,1
439,119,84619,chennai,2024-04-01 12:26:42,12,1
440,108,8959,chennai,2024-04-01 11:06:38,11,0
441,103,45529,mumbai,2024-04-01 10:35:28,10,0
442,115,7179,delhi,2024-04-01 10:12:32,10,0
443,107,22830,bangalore,2024-04-01 11:00:09,11,0
444,115,40316,chennai,2024-04-01 12:19:57,12,0
445,101,77246,chennai,2024-04-01 10:50:47,10,1
446,100,68534,mumbai,2024-04-01 11:24:04,11,1
447,108,22749,mumbai,2024-04-01 11:59:46,11,0
448,111,27958,chennai,2024-04-01 10:39:01,10,0
449,102,19246,bangalore,2024-04-01 10:59:21,10,0
450,120,98503,mumbai,2024-04-01 11:28:45,11,1
451,101,97390,chennai,2024-04-01 11:45:27,11,1
452,111,24980,hyderabad,2024-04-01 12:03:41,12,0
453,117,64350,hyderabad,2024-04-01 10:33:11,10,1
454,108,45746,mumbai,2024-04-01 11:12:58,11,0
455,117,26722,chennai,2024-04-01 11:45:48,11,0
456,102,45003,bangalore,2024-04-01 12:23:59,12,0
457,112,48487,hyderabad,2024-04-01 10:23:43,10,0
458,118,54072,hyderabad,2024-04-01 10:16:50,10,1
459,103,85301,mumbai,2024-04-01 11:51:13,11,1
460,107,90601,mumbai,2024-04-01 11:23:02,11,1
461,107,92761,mumbai,2024-04-01 11:50:44,11,1
462,109,19229,delhi,2024-04-01 11:27:58,11,0
463,105,69344,bangalore,2024-04-01 10:52:54,10,1
464,116,53322,mumbai,2024-04-01 11:01:19,11,1
465,112,4542,delhi,2024-04-01 12:28:14,12,0
466,109,87515,delhi,2024-04-01 12:35:12,12,1
467,118,87334,chennai,2024-04-01 10:39:43,10,1
468,104,42817,hyderabad,2024-04-01 10:18:06,10,0
469,103,14232,bangalore,2024-04-01 12:08:26,12,0
470,119,12835,mumbai,2024-04-01 10:39:14,10,0
471,111,54510,delhi,2024-04-01 10:16:09,10,1
472,106,79818,mumbai,2024-04-01 12:42:36,12,1
473,106,50225,hyderabad,2024-04-01 12:03:56,12,1
474,109,80154,chennai,2024-04-01 12:43:28,12,1
475,113,27746,delhi,2024-04-01 11:44:12,11,0
476,100,55556,chennai,2024-04-01 12:28:52,12,1
477,101,24319,chennai,2024-04-01 10:34:41,10,0
478,103,98480,hyderabad,2024-04-01 10:45:29,10,1
479,120,58731,mumbai,2024-04-01 10:55:10,10,1
480,113,22130,chennai,2024-04-01 12:31:29,12,0
481,104,51978,bangalore,2024-04-01 11:04:20,11,1
482,100,65854,chennai,2024-04-01 10:47:16,10,1
483,107,50445,delhi,2024-04-01 12:32:46,12,1
484,110,77093,mumbai,2024-04-01 12:31:05,12,1
485,106,36269,hyderabad,2024-04-01 10:18:08,10,0
486,101,57614,chennai,2024-04-01 11:24:10,11,1
487,107,27996,delhi,2024-04-01 11:05:06,11,0
488,112,68508,chennai,2024-04-01 12:02:07,12,1
489,115,2537,bangalore,2024-04-01 10:48:54,10,0
490,108,60056,bangalore,2024-04-01 10:21:38,10,1
491,118,20719,chennai,2024-04-01 12:10:30,12,0
492,114,60222,bangalore,2024-04-01 10:41:07,10,1
493,113,90482,delhi,2024-04-01 12:09:00,12,1
494,106,98213,chennai,2024-04-01 11:49:38,11,1
495,101,14300,chennai,2024-04-01 12:19:21,12,0
496,108,13577,delhi,2024-04-01 12:25:38,12,0
497,119,9480,chennai,2024-04-01 11:56:57,11,0
498,103,39209,mumbai,2024-04-01 10:41:10,10,0
499,104,32115,bangalore,2024-04-01 10:04:29,10,0
500,106,7842,bangalore,2024-04-01 10:11:47,10,0
